antecedents,consequents,antecedent support,consequent support,support,confidence,lift,representativity,leverage,conviction,zhangs_metric,jaccard,certainty,kulczynski
frozenset({'Under Armour Cargo Shorts'}),frozenset({'H&M Backpack'}),0.057,0.06333333333333334,0.005666666666666667,0.09941520467836258,1.569713758079409,1.0,0.0020566666666666667,1.0400649350649351,0.3848792963632961,0.04941860465116279,0.03852157083099207,0.09444444444444444
frozenset({'H&M Backpack'}),frozenset({'Under Armour Cargo Shorts'}),0.06333333333333334,0.057,0.005666666666666667,0.08947368421052632,1.569713758079409,1.0,0.0020566666666666667,1.035664739884393,0.3874816830646849,0.04941860465116279,0.03443656862197913,0.09444444444444444
