antecedents,consequents,antecedent support,consequent support,support,confidence,lift,representativity,leverage,conviction,zhangs_metric,jaccard,certainty,kulczynski
frozenset({'Vanilla Dream Perfume'}),"frozenset({'Hydrating Face Serum', 'Rose Essence Perfume'})",0.248,0.050666666666666665,0.014,0.056451612903225805,1.1141765704584041,1.0,0.0014346666666666674,1.0061310541310542,0.13627152988855123,0.049180327868852465,0.006093693367162015,0.16638370118845502
"frozenset({'Hydrating Face Serum', 'Rose Essence Perfume'})",frozenset({'Vanilla Dream Perfume'}),0.050666666666666665,0.248,0.014,0.27631578947368424,1.1141765704584041,1.0,0.0014346666666666674,1.039127272727273,0.10794542536115574,0.049180327868852465,0.037653975363941806,0.16638370118845502
"frozenset({'Rose Essence Perfume', 'Shower Gel'})",frozenset({'Vanilla Dream Perfume'}),0.04833333333333333,0.248,0.012,0.2482758620689655,1.0011123470522802,1.0,1.3333333333333947e-05,1.0003669724770643,0.0011675423234092774,0.04220398593200469,0.000366837857666909,0.14833147942157954
frozenset({'Vanilla Dream Perfume'}),"frozenset({'Rose Essence Perfume', 'Shower Gel'})",0.248,0.04833333333333333,0.012,0.04838709677419355,1.0011123470522802,1.0,1.3333333333333947e-05,1.0000564971751411,0.0014775413711584603,0.04220398593200469,5.649398339076854e-05,0.14833147942157954
frozenset({'Lip Gloss'}),"frozenset({'Hydrating Face Serum', 'Body Lotion'})",0.24666666666666667,0.051333333333333335,0.012666666666666666,0.05135135135135135,1.0003510003510003,1.0,4.444444444444071e-06,1.0000189933523267,0.00046576618537490266,0.04439252336448598,1.8992991586098683e-05,0.14905229905229905
"frozenset({'Hydrating Face Serum', 'Body Lotion'})",frozenset({'Lip Gloss'}),0.051333333333333335,0.24666666666666667,0.012666666666666666,0.24675324675324675,1.0003510003510003,1.0,4.444444444444071e-06,1.0001149425287355,0.0003698635203609557,0.04439252336448598,0.00011492931846913169,0.14905229905229905
